0,Sample,Sample,0,0,Sample,0
0,RoscislawaKwiatkowska@jourrapide.com,Roscislawa,70100258683,696724674,Kwiatkowska,0
1,AnastazjaKrol@fleckens.hu,Anastazja,63010992022,691270901,Krol,1
2,LubomierzWozniak@rhyta.com,Lubomierz,71101321116,607064494,Wozniak,2
3,LudmitaZielinska@armyspy.com,Ludmita,46051280321,725340907,Zielinska,3
4,MieszkoZajac@superrito.com,Mieszko,42111642696,532578375,Zajac,4
5,HendrychTomaszewski@fleckens.hu,Hendrych,73012594993,608749208,Tomaszewski,5
6,WieslawKwiatkowski@superrito.com,Wieslaw,43022199116,722162153,Kwiatkowski,6
7,FelicjaKozlowska@dayrep.com,Felicja,95100989166,606126535,Kozlowska,7
8,RutaJablonska@rhyta.com,Ruta,86021107801,532672089,Jablonska,8
9,JulitaSokolowska@armyspy.com,Julita,88030309520,692149550,Sokolowska,9
10,LudmitaKwiatkowska@cuvox.de,Ludmita,98030829063,788557755,Kwiatkowska,10
11,EliaszOstrowski@dayrep.com,Eliasz,62071965970,665836627,Ostrowski,11
12,WiktoriaDuda@jourrapide.com,Wiktoria,83062873083,513382142,Duda,12
13,HajnrichGrabowski@cuvox.de,Hajnrich,89042142459,674525134,Grabowski,13
14,MieczyslawaKalinowska@fleckens.hu,Mieczyslawa,37112510808,661307797,Kalinowska,14
15,EustachyNowakowski@fleckens.hu,Eustachy,48022618012,886686473,Nowakowski,15
16,WladyslawaMajewska@superrito.com,Wladyslawa,64101798664,724067996,Majewska,16
17,AureliuszJablonski@superrito.com,Aureliusz,86031782056,667033947,Jablonski,17
18,NadziejaWojciechowska@dayrep.com,Nadzieja,81060997446,724711428,Wojciechowska,18
19,JanekWieczorek@jourrapide.com,Janek,39112381572,784633975,Wieczorek,19
20,SewerynPiotrowski@teleworm.us,Seweryn,41011162857,518968856,Piotrowski,20
21,KunegundaZawadzka@jourrapide.com,Kunegunda,83092093802,781028905,Zawadzka,21
22,DobroslawaTomaszewska@jourrapide.com,Dobroslawa,61060410923,799097211,Tomaszewska,22
23,SewerynBorkowski@jourrapide.com,Seweryn,83102022293,608685950,Borkowski,23
24,FranciszekWisniewski@jourrapide.com,Franciszek,58013152133,885791058,Wisniewski,24
25,LucynaZielinska@superrito.com,Lucyna,87063001708,536800925,Zielinska,25
26,WlodzislawKaczmarek@superrito.com,Wlodzislaw,90111085010,883016471,Kaczmarek,26
27,JuliuszSzczepanski@dayrep.com,Juliusz,79031198055,676206966,Szczepanski,27
28,GrazynaMichalska@jourrapide.com,Grazyna,74112979204,699104708,Michalska,28
29,RoksanaDabrowski@superrito.com,Roksana,70021942421,699025285,Dabrowski ,29
30,ZdzislawJaworski@jourrapide.com,Zdzislaw,66101387994,533329557,Jaworski,30
31,WislawaMichalska@cuvox.de,Wislawa,48021005084,534570670,Michalska,31
32,KseniaZielinska@cuvox.de,Ksenia,69030441483,729921576,Zielinska,32
33,AdriannaWysocka@armyspy.com,Adrianna,38020598364,536834874,Wysocka,33
34,KseniaMajewska@einrot.com,Ksenia,86052485240,882086890,Majewska,34
35,KingaKozlowska@teleworm.us,Kinga,78011699601,725930451,Kozlowska,35
36,LudmitaNowicka@teleworm.us,Ludmita,42041499342,793539661,Nowicka,36
37,SwietoslawPawlowski@superrito.com,swietoslaw,42041244270,608790870,Pawlowski,37
38,TadzioKucharski@armyspy.com,Tadzio,79021186936,884709012,Kucharski,38
39,LonginSawicki@gustr.com,Longin,71062195331,692000892,Sawicki,39
40,DawidPiotrowski@fleckens.hu,Dawid,98031046175,532309684,Piotrowski,40
41,KorneliDabrowski@jourrapide.com,Korneli,48041967454,797418236,Dabrowski ,41
42,DawidJaworski@gustr.com,Dawid,50111314679,519072081,Jaworski,42
43,FranciszkaWojciechowska@gustr.com,Franciszka,79060588405,518538790,Wojciechowska,43
44,JowitaSawicka@cuvox.de,Jowita,42011536703,601763380,Sawicka,44
45,NikiforPawlak@armyspy.com,Nikifor,50071074839,514947015,Pawlak,45
46,LucjaKrol@superrito.com,lucja,96082603882,699811666,Krol,46
47,BenedyktNowak@dayrep.com,Benedykt,37071940571,534788291,Nowak ,47
48,MiloslawKrol@superrito.com,Miloslaw,80060803854,696449201,Krol,48
49,AugustynaBorkowska@superrito.com,Augustyna,76082737747,886129016,Borkowska,49
50,SalomeaWysocka@gustr.com,Salomea,70090569066,674124095,Wysocka,50
51,LucjanKucharski@gustr.com,Lucjan,42111282294,668911798,Kucharski,51
52,PatrycjaMaciejewska@cuvox.de,Patrycja,64091786542,539340199,Maciejewska,52
53,ZuzannaChmielewska@gustr.com,Zuzanna,51050485769,675687402,Chmielewska,53
54,ZdzislawaSawicka@rhyta.com,Zdzislawa,94090857907,794965412,Sawicka,54
55,AgnieszkaWysocka@armyspy.com,Agnieszka,65011899803,669147070,Wysocka,55
56,MalinaSymanska@armyspy.com,Malina,52041617424,691098217,Symanska,56
57,GerwazyJaworski@cuvox.de,Gerwazy,62111329175,601052293,Jaworski,57
58,ZdzislawKozlowski@cuvox.de,Zdzislaw,52110527797,883644415,Kozlowski,58
59,UrszulaDabrowski@superrito.com,Urszula,36080761043,881050090,Dabrowski ,59
60,DanutaDabrowski@gustr.com,Danuta,42051338927,607072797,Dabrowski ,60
61,MalgorzataKrol@dayrep.com,Malgorzata,78122698528,511410681,Krol,61
62,LechoslawaDabrowski@superrito.com,Lechoslawa,38122030784,887561663,Dabrowski ,62
63,BonifacyKozlowski@teleworm.us,Bonifacy,64102675551,511782565,Kozlowski,63
64,BenedyktaChmielewska@rhyta.com,Benedykta,73041178485,698607890,Chmielewska,64
65,GerwazySokolowski@armyspy.com,Gerwazy,76082673434,663736592,Sokolowski,65
66,WalentynaWisniewska@superrito.com,Walentyna,63091660225,511376528,Wisniewska,66
67,LukaszZajac@fleckens.hu,lukasz,37121616438,797489465,Zajac,67
68,JanuszWozniak@rhyta.com,Janusz,99051772451,792423198,Wozniak,68
69,GenowefaKaczmarek@gustr.com,Genowefa,47032978763,604204620,Kaczmarek,69
70,HieronimNowakowski@einrot.com,Hieronim,60082998039,698402223,Nowakowski,70
71,DrugiZawadzki@dayrep.com,Drugi,75040998932,677347137,Zawadzki,71
72,WaleryCzarnecki@superrito.com,Walery,68092524194,694328384,Czarnecki,72
73,SergiuszSymanski@teleworm.us,Sergiusz,85020588051,885097485,Symanski,73
74,MalgorzataTomaszewska@armyspy.com,Malgorzata,78042214460,516396643,Tomaszewska,74
75,BogumilaKozlowska@armyspy.com,Bogumila,50011691968,695337387,Kozlowska,75
76,SobieslawMaciejewski@jourrapide.com,Sobieslaw,76103126851,603114210,Maciejewski,76
77,RoscislawaCzerwinska@rhyta.com,Roscislawa,84083073085,785004661,Czerwinska,77
78,ZofiaKwiatkowska@rhyta.com,Zofia,81010119085,888105821,Kwiatkowska,78
79,KarolZajac@cuvox.de,Karol,38022324431,781418484,Zajac,79
80,AndrzejSzczepanski@einrot.com,Andrzej,41032048417,604175000,Szczepanski,80
81,MarceliWozniak@fleckens.hu,Marceli,67030918253,514271857,Wozniak,81
82,FryderykKrol@superrito.com,Fryderyk,60110473116,664928239,Krol,82
83,JaroslawaRutkowska@gustr.com,Jaroslawa,95121364362,537106775,Rutkowska,83
84,WalentynaWieczorek@fleckens.hu,Walentyna,63101683501,516000030,Wieczorek,84
85,WielislawBorkowski@gustr.com,Wielislaw,78011402139,668172344,Borkowski,85
86,KarinaNowakowska@cuvox.de,Karina,97071928423,662217058,Nowakowska,86
87,IrenkaGrabowska@gustr.com,Irenka,98031632767,609572881,Grabowska,87
88,MaksymOstrowski@armyspy.com,Maksym,79110602554,886959470,Ostrowski,88
89,MironWozniak@teleworm.us,Miron,65022215438,782907021,Wozniak,89
90,UrjaszCzerwinski@einrot.com,Urjasz,98090927118,516242436,Czerwinski,90
91,SalomeaSobczak@fleckens.hu,Salomea,96040220083,604574838,Sobczak,91
92,GracjaWozniak@teleworm.us,Gracja,69030615567,724687456,Wozniak,92
93,MarcelinaCzerwinska@dayrep.com,Marcelina,95050539820,531488036,Czerwinska,93
94,GawelJasinski@einrot.com,Gawel,55062559317,516614227,Jasinski,94
95,RenardNowak@superrito.com,Renard,65061562757,721507712,Nowak ,95
96,GracjaPawlak@einrot.com,Gracja,70110830804,538756533,Pawlak,96
97,CecyliaMajewska@cuvox.de,Cecylia,40012936263,797881978,Majewska,97
98,GrazynaWisniewska@superrito.com,Grazyna,72082002364,694911624,Wisniewska,98
99,MalinaSokolowska@dayrep.com,Malina,84082602987,534439610,Sokolowska,99
100,JanuszSokolowski@cuvox.de,Janusz,92072715076,786071733,Sokolowski,100
101,KlemensOstrowski@rhyta.com,Klemens,47121754090,515241537,Ostrowski,101
102,BoleslawMichalski@armyspy.com,Boleslaw,83121555316,783338848,Michalski,102
103,IreneuszMichalski@armyspy.com,Ireneusz,84030930036,883594951,Michalski,103
104,JurekZielinski@gustr.com,Jurek,52041243131,665309789,Zielinski,104
105,NarcyzGrabowski@gustr.com,Narcyz,54122905615,884240220,Grabowski,105
106,KonstancjaChmielewska@armyspy.com,Konstancja,36062944125,791754081,Chmielewska,106
107,BartoszMichalski@gustr.com,Bartosz,66072341579,537444674,Michalski,107
108,AdriannaKaczmarek@teleworm.us,Adrianna,96031533187,793767538,Kaczmarek,108
109,KajaKowalczyk@jourrapide.com,Kaja,37041573305,786382935,Kowalczyk,109
110,EmerykPiotrowski@armyspy.com,Emeryk,50090825056,539136126,Piotrowski,110
111,TytusAdamczyk@rhyta.com,Tytus,78072772396,666344467,Adamczyk,111
112,MartynSzczepanski@dayrep.com,Martyn,95112219394,723588221,Szczepanski,112
113,DorotaSawicka@gustr.com,Dorota,97100644988,798350077,Sawicka,113
114,MiroslawaRutkowska@superrito.com,Miroslawa,56021151605,678807186,Rutkowska,114
115,FrydrykOstrowski@fleckens.hu,Frydryk,70051303612,695584282,Ostrowski,115
116,WlodekWojciechowski@einrot.com,Wlodek,41102227452,512799963,Wojciechowski,116
117,AdriannaCzarnecka@superrito.com,Adrianna,89081022765,678623041,Czarnecka,117
118,RyszardGrabowski@armyspy.com,Ryszard,50032862057,796469289,Grabowski,118
119,NadziejaKowalczyk@superrito.com,Nadzieja,96110427640,678420668,Kowalczyk,119
120,MieczyslawaKaczmarek@rhyta.com,Mieczyslawa,37062280008,884969658,Kaczmarek,120
121,ZygfrydZajac@dayrep.com,Zygfryd,71061971376,693537311,Zajac,121
122,AgnieszkaWisniewska@gustr.com,Agnieszka,54051216321,532544613,Wisniewska,122
123,NataszaKowalska@superrito.com,Natasza,83021512547,661621437,Kowalska,123
124,KorneliaNowicka@cuvox.de,Kornelia,86090741548,887261736,Nowicka,124
125,RomanBorkowski@einrot.com,Roman,34080152595,664637536,Borkowski,125
126,MiloslawDudek@jourrapide.com,Miloslaw,54041803975,794324581,Dudek,126
127,JuliannaMaciejewska@teleworm.us,Julianna,41041311766,785488662,Maciejewska,127
128,UrszulaRutkowska@teleworm.us,Urszula,84080651280,782627311,Rutkowska,128
129,LubomierzAdamski@teleworm.us,Lubomierz,68122161436,724174739,Adamski,129
130,BronislawaAdamczyk@gustr.com,Bronislawa,45081387109,673719637,Adamczyk,130
131,BenedyktBorkowski@teleworm.us,Benedykt,66102582091,699219056,Borkowski,131
132,WladyslawaCzerwinska@armyspy.com,Wladyslawa,88113084380,531833506,Czerwinska,132
133,PrzemyslawNowak@teleworm.us,Przemyslaw,48093016755,664185254,Nowak ,133
134,BoleslawCzarnecki@teleworm.us,Boleslaw,92031784615,532274340,Czarnecki,134
135,HenrykZawadzki@rhyta.com,Henryk,49080906358,674575236,Zawadzki,135
136,MarekOlszewski@rhyta.com,Marek,62021527335,515894730,Olszewski,136
137,LubomirKaczmarek@teleworm.us,Lubomir,85010659233,531447483,Kaczmarek,137
138,RadomilJasinski@einrot.com,Radomil,46100110377,677423115,Jasinski,138
139,ZygfrydNowak@jourrapide.com,Zygfryd,70052655473,726879394,Nowak ,139
140,BeataWalczak@dayrep.com,Beata,39102423749,692425568,Walczak,140
141,DawidSzczepanski@jourrapide.com,Dawid,74040483697,693086125,Szczepanski,141
142,GabrjelNowicki@cuvox.de,Gabrjel,63031364536,513703427,Nowicki,142
143,RoscislawaPawlowska@armyspy.com,Roscislawa,55030978722,609790697,Pawlowska,143
144,ZdzislawAdamczyk@einrot.com,Zdzislaw,60012641992,699533830,Adamczyk,144
145,WisiaTomaszewska@superrito.com,Wisia,63013090260,884081058,Tomaszewska,145
146,SzymonWojciechowski@armyspy.com,Szymon,87042548657,796393528,Wojciechowski,146
147,KrystynaAdamska@dayrep.com,Krystyna,62110151067,666899602,Adamska,147
148,DobromilMichalski@einrot.com,Dobromil,47122911333,694253117,Michalski,148
149,RomanZawadzki@cuvox.de,Roman,64101971832,726477584,Zawadzki,149
150,NikodemWozniak@jourrapide.com,Nikodem,63060684810,519739208,Wozniak,150
151,AlicjaZawadzka@rhyta.com,Alicja,86051987163,535040524,Zawadzka,151
152,KrystynaNowak@armyspy.com,Krystyna,80051528203,672655766,Nowak ,152
153,JozefaNowakowska@armyspy.com,Jozefa,75090543069,698183173,Nowakowska,153
154,KrystianaJaworska@superrito.com,Krystiana,51081510205,606480862,Jaworska,154
155,DawidKrol@cuvox.de,Dawid,92123060036,533996001,Krol,155
156,KrzysztofWisniewski@einrot.com,Krzysztof,56102936174,514956183,Wisniewski,156
157,WigaNowak@gustr.com,Wiga,88032561508,697342996,Nowak ,157
158,KlaudiuszSymanski@cuvox.de,Klaudiusz,60040430852,676288035,Symanski,158
159,RoscislawAdamski@superrito.com,Roscislaw,61071224711,691813117,Adamski,159
160,DorotaKaminska@armyspy.com,Dorota,83041269182,664415750,Kaminska,160
161,KrystianDuda@fleckens.hu,Krystian,83070850032,513934199,Duda,161
162,MarzenaWysocka@armyspy.com,Marzena,62041238101,531586649,Wysocka,162
163,BlazejKowalczyk@cuvox.de,Blažej,64112653172,602163149,Kowalczyk,163
164,EugeniuszGrabowski@dayrep.com,Eugeniusz,98021299619,676097303,Grabowski,164
165,IwanSzczepanski@dayrep.com,Iwan,71072125638,532388151,Szczepanski,165
166,DobroslawaSawicka@einrot.com,Dobroslawa,68022511863,793477558,Sawicka,166
167,DobromilZielinski@fleckens.hu,Dobromil,41061918514,794934384,Zielinski,167
168,KaziaPawlowska@einrot.com,Kazia,76021822840,533845080,Pawlowska,168
169,DobrogostWalczak@rhyta.com,Dobrogost,57021058176,513877491,Walczak,169
170,BertaBorkowska@teleworm.us,Berta,48012364585,787160218,Borkowska,170
171,ElzbietaGorska@teleworm.us,Elzbieta,90041488028,532406292,Gorska,171
172,BogumilaSokolowska@superrito.com,Bogumila,44072042003,679948846,Sokolowska,172
173,JulitaWalczak@armyspy.com,Julita,86062154721,532913670,Walczak,173
174,FelicjaJasinska@fleckens.hu,Felicja,53092897843,671454622,Jasinska,174
175,JacekRutkowski@cuvox.de,Jacek,87051998676,724374850,Rutkowski,175
176,WincentyWisniewski@rhyta.com,Wincenty,64102470736,538934477,Wisniewski,176
177,AnastazjaDabrowski@teleworm.us,Anastazja,56091803745,723549237,Dabrowski ,177
178,RadomilaMichalska@cuvox.de,Radomila,49021151805,538796083,Michalska,178
179,BrygidaJaworska@cuvox.de,Brygida,44091628923,535195708,Jaworska,179
180,GrazynaZawadzka@dayrep.com,Grazyna,80060928500,695552051,Zawadzka,180
181,SlawomiraKaminska@gustr.com,Slawomira,61040876060,676403737,Kaminska,181
182,JowitaKucharska@fleckens.hu,Jowita,61102397427,609594377,Kucharska,182
183,ZosiaSymanska@superrito.com,Zosia,92090826149,698363584,Symanska,183
184,TeklaPawlowska@fleckens.hu,Tekla,97032275087,661903858,Pawlowska,184
185,RadzimierzJasinski@fleckens.hu,Radzimierz,43061511476,662648326,Jasinski,185
186,MakaryPawlak@cuvox.de,Makary,86090690217,603881958,Pawlak,186
187,AlfonsWozniak@cuvox.de,Alfons,48071855035,601773074,Wozniak,187
188,MieczyslawMajewski@dayrep.com,Mieczyslaw,82110132190,675978039,Majewski,188
189,RyszardNowicki@dayrep.com,Ryszard,95051124151,889668075,Nowicki,189
190,NikodemWozniak@dayrep.com,Nikodem,69102310453,608631791,Wozniak,190
191,LudmilaZielinska@superrito.com,Ludmila,44090494620,694657492,Zielinska,191
192,DanutaRutkowska@superrito.com,Danuta,56083108342,673669132,Rutkowska,192
193,MalinaKaczmarek@cuvox.de,Malina,38072031640,606867534,Kaczmarek,193
194,WlodzimierzSzczepanski@cuvox.de,Wlodzimierz,76062414516,662238010,Szczepanski,194
195,StefciaGorska@teleworm.us,Stefcia,36060272545,678821236,Gorska,195
196,AmadejChmielewski@superrito.com,Amadej,94042650138,536192911,Chmielewski,196
197,BogumilAdamski@jourrapide.com,Bogumil,36092879774,515259782,Adamski,197
198,MieczyslawaGrabowska@einrot.com,Mieczyslawa,77021450907,699187116,Grabowska,198
199,DobroslawaKowalska@teleworm.us,Dobroslawa,53111745722,791902871,Kowalska,199
200,ZdzislawKalinowski@gustr.com,Zdzislaw,212707957,882255622,Kalinowski,200
201,LudmilaZielinska@jourrapide.com,Ludmila,59101045007,786154696,Zielinska,201
202,AlicjaWysocka@teleworm.us,Alicja,75121481685,679695710,Wysocka,202
203,ZygmuntSzczepanski@jourrapide.com,Zygmunt,75072971510,668521528,Szczepanski,203
204,MarianKrol@gustr.com,Marian,94071585696,726730358,Krol,204
205,MalgorzataWalczak@einrot.com,Malgorzata,99020959140,881849617,Walczak,205
206,ZygfrydWozniak@fleckens.hu,Zygfryd,44022119195,694383057,Wozniak,206
207,JulittaZawadzka@cuvox.de,Julitta,58041575265,674199214,Zawadzka,207
208,BogumilZielinski@jourrapide.com,Bogumil,92062319910,518731112,Zielinski,208
209,FryderykaSymanska@dayrep.com,Fryderyka,45100551883,676142592,Symanska,209
210,SerafinAdamski@dayrep.com,Serafin,54030248055,518405228,Adamski,210
211,MartynaSymanska@einrot.com,Martyna,66020970989,603121063,Symanska,211
212,SewerynaKaminska@teleworm.us,Seweryna,78062262304,668157963,Kaminska,212
213,CzeslawSobczak@fleckens.hu,Czeslaw,66021573174,696526134,Sobczak,213
214,FelicjanMajewski@armyspy.com,Felicjan,50072636472,667878607,Majewski,214
215,KlaudiaCzarnecka@gustr.com,Klaudia,37061019904,532630390,Czarnecka,215
216,SergiuszZawadzki@armyspy.com,Sergiusz,58020328930,676629585,Zawadzki,216
217,KaziaZawadzka@einrot.com,Kazia,96041650522,694256218,Zawadzka,217
218,GabryszNowakowski@fleckens.hu,Gabrysz,80022616171,538917669,Nowakowski,218
219,LechoslawaSawicka@dayrep.com,Lechoslawa,81110112005,601146406,Sawicka,219
220,BozenaBorkowska@dayrep.com,Bozena,73051658621,539364893,Borkowska,220
221,DitaOlszewska@dayrep.com,Dita,55121034564,676895868,Olszewska,221
222,KorneliKwiatkowski@fleckens.hu,Korneli,62011895716,669302662,Kwiatkowski,222
223,KrystianaCzerwinska@einrot.com,Krystiana,48092704965,729159078,Czerwinska,223
224,MieczyslawaRutkowska@armyspy.com,Mieczyslawa,63061858344,889870362,Rutkowska,224
225,RadomilKrol@gustr.com,Radomil,93121912813,788962851,Krol,225
226,MaksymOstrowski@rhyta.com,Maksym,50060523135,881498967,Ostrowski,226
227,WojtekKaczmarek@gustr.com,Wojtek,53101729217,728035088,Kaczmarek,227
228,LuizaWozniak@gustr.com,Luiza,42012065446,697986060,Wozniak,228
229,GabrysiaAdamska@cuvox.de,Gabrysia,83072188069,789451465,Adamska,229
230,TeodozjaDudek@teleworm.us,Teodozja,88100573505,887679692,Dudek,230
231,WieslawGrabowski@jourrapide.com,Wieslaw,56091612279,693983029,Grabowski,231
232,AdelajdaKucharska@teleworm.us,Adelajda,63032580326,792443710,Kucharska,232
233,JustynMaciejewski@fleckens.hu,Justyn,55032666571,726134004,Maciejewski,233
234,MieczyslawaPawlowska@fleckens.hu,Mieczyslawa,98102343127,533583583,Pawlowska,234
235,CelinaOstrowska@cuvox.de,Celina,70072841465,795399655,Ostrowska,235
236,DobroslawaSawicka@teleworm.us,Dobroslawa,90062156201,795443987,Sawicka,236
237,ZuzannaPiotrowska@fleckens.hu,Zuzanna,73112887461,691550067,Piotrowska,237
238,KazimieraWisniewska@jourrapide.com,Kazimiera,82113096468,515880330,Wisniewska,238
239,WaclawaWojciechowska@armyspy.com,Waclawa,88071046569,519799729,Wojciechowska,239
240,WiolettaOstrowska@fleckens.hu,Wioletta,61072071329,724071566,Ostrowska,240
241,CzeslawaSobczak@armyspy.com,Czeslawa,35080662941,518925408,Sobczak,241
242,HenrykKowalski@armyspy.com,Henryk,47091227895,679503497,Kowalski,242
243,StanislawWieczorek@cuvox.de,Stanislaw,57113049679,784678874,Wieczorek,243
244,PatrykKrol@dayrep.com,Patryk,35082751973,607118972,Krol,244
245,HendrychZajac@einrot.com,Hendrych,49012511359,785206317,Zajac,245
246,SobieslawWojciechowski@jourrapide.com,Sobieslaw,56060449354,695028242,Wojciechowski,246
247,WitKalinowski@jourrapide.com,Wit,66110774332,794897804,Kalinowski,247
248,ZosiaKrol@jourrapide.com,Zosia,74021378767,663140103,Krol,248
249,KlaraKrol@superrito.com,Klara,74040467909,602255958,Krol,249
250,PrzemyslSymanski@jourrapide.com,Przemysl,52092674270,722816868,Symanski,250
251,HonorataRutkowska@gustr.com,Honorata,91071606682,669222707,Rutkowska,251
252,AngelikaWieczorek@einrot.com,Angelika,97041756683,692986666,Wieczorek,252
253,WladyslawaWysocka@fleckens.hu,Wladyslawa,81010480705,678587926,Wysocka,253
254,DobroslawaSokolowska@teleworm.us,Dobroslawa,77021284807,691121896,Sokolowska,254
255,BrygidaKaminska@cuvox.de,Brygida,44031879347,609543598,Kaminska,255
256,DonatZajac@fleckens.hu,Donat,77101216694,886085200,Zajac,256
257,MieczyslawaWisniewska@cuvox.de,Mieczyslawa,69022170685,692918905,Wisniewska,257
258,SewerynSobczak@cuvox.de,Seweryn,35100767634,677876901,Sobczak,258
259,CzeslawNowakowski@gustr.com,Czeslaw,75121367992,691902889,Nowakowski,259
260,ZdzislawaWozniak@teleworm.us,Zdzislawa,88071056128,696531672,Wozniak,260
261,BrygidaRutkowska@dayrep.com,Brygida,60020305309,799221210,Rutkowska,261
262,JowitaNowak@einrot.com,Jowita,62122277423,693639781,Nowak ,262
263,WalerianCzerwinski@rhyta.com,Walerian,48011826994,673863895,Czerwinski,263
264,KrysiaSobczak@gustr.com,Krysia,50110524929,888693546,Sobczak,264
265,GracjaZawadzka@gustr.com,Gracja,59082566461,661683720,Zawadzka,265
266,SylwiaSymanska@einrot.com,Sylwia,55041877007,794504595,Symanska,266
267,MartynaTomaszewska@fleckens.hu,Martyna,44070911800,887159984,Tomaszewska,267
268,TadzioWalczak@rhyta.com,Tadzio,68111936391,726104061,Walczak,268
269,WawrzyniecPawlowski@gustr.com,Wawrzyniec,51031173852,723685955,Pawlowski,269
270,ZdzislawaSawicka@fleckens.hu,Zdzislawa,69061578129,796802644,Sawicka,270
271,CecyliaDuda@rhyta.com,Cecylia,48122665789,691056248,Duda,271
272,CelinaPawlak@rhyta.com,Celina,43052953308,695092254,Pawlak,272
273,EligiuszPawlak@einrot.com,Eligiusz,37042401359,518212192,Pawlak,273
274,GabrysWalczak@rhyta.com,Gabryŝ,64070585416,728389996,Walczak,274
275,BoleslawaDudek@armyspy.com,Boleslawa,37090141807,603556349,Dudek,275
276,WitMichalski@teleworm.us,Wit,86011005955,669771028,Michalski,276
277,AnastazyNowak@rhyta.com,Anastazy,44111001237,795658662,Nowak ,277
278,KajaSymanska@rhyta.com,Kaja,74020877809,605394745,Symanska,278
279,JoasiaMaciejewska@superrito.com,Joasia,89040501708,669192671,Maciejewska,279
280,RajmundBorkowski@teleworm.us,Rajmund,70090170512,672823422,Borkowski,280
281,PatrycjaAdamczyk@rhyta.com,Patrycja,82090700646,511533281,Adamczyk,281
282,BeatryczeDuda@rhyta.com,Beatrycze,52031329540,728800109,Duda,282
283,BolekJaworski@einrot.com,Bolek,95042281496,533718282,Jaworski,283
284,WigaNowakowska@teleworm.us,Wiga,41011575561,798128874,Nowakowska,284
285,LuizaKozlowska@jourrapide.com,Luiza,57032770968,799522998,Kozlowska,285
286,MarcelinaChmielewska@einrot.com,Marcelina,61021856740,514661014,Chmielewska,286
287,IzydorPiotrowski@cuvox.de,Izydor,54011659719,534507913,Piotrowski,287
288,RoscislawaPiotrowska@einrot.com,Roscislawa,87120670788,673598497,Piotrowska,288
289,JozefaWojciechowska@rhyta.com,Jozefa,43042950502,884034515,Wojciechowska,289
290,MiroslawaDabrowski@jourrapide.com,Miroslawa,70032967248,539811032,Dabrowski ,290
291,RadomilWieczorek@armyspy.com,Radomil,63053037812,664038662,Wieczorek,291
292,JustynKowalczyk@armyspy.com,Justyn,96090703196,888175767,Kowalczyk,292
293,GabrysiaBorkowska@dayrep.com,Gabrysia,84072090965,678081081,Borkowska,293
294,BolekOlszewski@rhyta.com,Bolek,46011765932,787114044,Olszewski,294
295,WojtekPawlowski@fleckens.hu,Wojtek,57103049074,883438308,Pawlowski,295
296,MiroslawOstrowski@armyspy.com,Miroslaw,89102793456,601572479,Ostrowski,296
297,BlazejKalinowski@fleckens.hu,Blažej,68030522297,784890046,Kalinowski,297
298,PrzemyslawZajac@rhyta.com,Przemyslaw,72010670292,536148489,Zajac,298
299,BozenaDabrowski@jourrapide.com,Bozena,89010771366,512055916,Dabrowski ,299
300,FryderykWieczorek@fleckens.hu,Fryderyk,88092617632,511350632,Wieczorek,300
301,WladyslawaZajac@dayrep.com,Wladyslawa,92080972245,671843075,Zajac,301
302,AugustynaJaworska@dayrep.com,Augustyna,57061304844,661155304,Jaworska,302
303,RadzimierzKrol@superrito.com,Radzimierz,90062756296,604484503,Krol,303
304,RadzimierzDabrowski@cuvox.de,Radzimierz,72013142495,784155502,Dabrowski ,304
305,MartynaMaciejewska@armyspy.com,Martyna,94070575762,537335983,Maciejewska,305
306,FelicytaWalczak@cuvox.de,Felicyta,69111812483,791500154,Walczak,306
307,HainrichSzczepanski@dayrep.com,Hainrich,41091238453,726865683,Szczepanski,307
308,KlemensWalczak@jourrapide.com,Klemens,99040621618,781051315,Walczak,308
309,MiroslawaCzarnecka@rhyta.com,Miroslawa,64102396168,722765990,Czarnecka,309
310,LewPawlowski@teleworm.us,Lew,61111491239,726398563,Pawlowski,310
311,SewerynaKozlowska@gustr.com,Seweryna,43112809141,674310588,Kozlowska,311
312,WiktoriaZawadzka@dayrep.com,Wiktoria,47112059988,602950613,Zawadzka,312
313,MartynaMaciejewska@einrot.com,Martyna,35082265821,796806319,Maciejewska,313
314,FryderykaMaciejewska@teleworm.us,Fryderyka,63060949623,675081687,Maciejewska,314
315,DobromilZawadzki@rhyta.com,Dobromil,56092716750,783217520,Zawadzki,315
316,LechoslawKalinowski@teleworm.us,Lechoslaw,38122272218,661674703,Kalinowski,316
317,KaziaNowicka@cuvox.de,Kazia,42090825907,886850017,Nowicka,317
318,KasperJaworski@teleworm.us,Kasper,51010716650,519748537,Jaworski,318
319,ArkadiuszWieczorek@jourrapide.com,Arkadiusz,54102720412,678751171,Wieczorek,319
320,JolantaNowicka@einrot.com,Jolanta,57010326602,676837989,Nowicka,320
321,WeraNowak@gustr.com,Wera,95101763626,602650531,Nowak ,321
322,RadoslawDudek@cuvox.de,Radoslaw,85042972913,602284718,Dudek,322
323,KajetanMichalski@teleworm.us,Kajetan,74120672193,699640109,Michalski,323
324,KondratMichalski@superrito.com,Kondrat,54110434114,666863754,Michalski,324
325,MartynKozlowski@rhyta.com,Martyn,75071506098,608957233,Kozlowski,325
326,KlaraKaminska@fleckens.hu,Klara,71081712780,782558384,Kaminska,326
327,CelinaOlszewska@teleworm.us,Celina,40072002607,726239020,Olszewska,327
328,JakubJasinski@jourrapide.com,Jakub,48011806134,667803235,Jasinski,328
329,MarylaNowak@fleckens.hu,Maryla,63021554420,889660081,Nowak ,329
330,CzciborWisniewski@armyspy.com,Czcibor,95010921977,884489697,Wisniewski,330
331,EwaKalinowska@cuvox.de,Ewa,99010975462,794159035,Kalinowska,331
332,SalomeaMaciejewska@jourrapide.com,Salomea,81020651085,881206698,Maciejewska,332
333,JudytaWozniak@gustr.com,Judyta,82122156465,786288063,Wozniak,333
334,BronislawTomaszewski@armyspy.com,Bronislaw,71020176112,887059184,Tomaszewski,334
335,SwietomierzKrol@einrot.com,swietomierz,69012363312,784107396,Krol,335
336,LucjaSokolowska@einrot.com,lucja,62012194784,511838269,Sokolowska,336
337,MaksymilianAdamski@rhyta.com,Maksymilian,84012908031,608176618,Adamski,337
338,JolantaZajac@jourrapide.com,Jolanta,78021793603,788620541,Zajac,338
339,LechoslawNowak@teleworm.us,Lechoslaw,79121967855,889184332,Nowak ,339
340,JaroslawSzczepanski@cuvox.de,Jaroslaw,51020463317,607070315,Szczepanski,340
341,KaziaAdamska@cuvox.de,Kazia,86040705224,793496399,Adamska,341
342,LudwikPawlowski@einrot.com,Ludwik,67040660717,607375583,Pawlowski,342
343,WaclawKozlowski@superrito.com,Waclaw,64013062437,664134230,Kozlowski,343
344,MalwinaWysocka@armyspy.com,Malwina,43032793502,799924729,Wysocka,344
345,AmadeuszChmielewski@fleckens.hu,Amadeusz,72090891611,882288403,Chmielewski,345
346,BogumilWozniak@rhyta.com,Bogumil,64062494012,888130591,Wozniak,346
347,BogumilaPawlak@armyspy.com,Bogumila,66070675520,788232364,Pawlak,347
348,SzczeosnyWysocki@dayrep.com,Szczeosny,64110535470,726179041,Wysocki,348
349,IzabellaMajewska@dayrep.com,Izabella,66011951043,512934131,Majewska,349
350,RadomilJasinski@jourrapide.com,Radomil,85050267230,673111998,Jasinski,350
351,AnielaOstrowska@fleckens.hu,Aniela,97100597460,676611976,Ostrowska,351
352,CelestynaKaminska@jourrapide.com,Celestyna,43041134420,608648803,Kaminska,352
353,WawrzyniecChmielewski@superrito.com,Wawrzyniec,63061152134,792576214,Chmielewski,353
354,KacperKrol@einrot.com,Kacper,78010975313,604996054,Krol,354
355,GertrudaKucharska@rhyta.com,Gertruda,79090741182,602429324,Kucharska,355
356,KlaraAdamska@rhyta.com,Klara,271753801,788954142,Adamska,356
357,AniaChmielewska@dayrep.com,Ania,48052724363,699460754,Chmielewska,357
358,GabrjelZawadzki@einrot.com,Gabrjel,90072860239,671378487,Zawadzki,358
359,TymonTomaszewski@superrito.com,Tymon,58101601679,515080335,Tomaszewski,359
360,DominikaJaworska@superrito.com,Dominika,74062047646,889134632,Jaworska,360
361,GenowefaCzerwinska@armyspy.com,Genowefa,69092777520,604736670,Czerwinska,361
362,LubomierzTomaszewski@cuvox.de,Lubomierz,83041627872,519584270,Tomaszewski,362
363,SzczeosnyWalczak@teleworm.us,Szczeosny,66061550858,531938395,Walczak,363
364,LechoslawaWozniak@fleckens.hu,Lechoslawa,87112296741,698470858,Wozniak,364
365,JoasiaMajewska@armyspy.com,Joasia,213003823,799160961,Majewska,365
366,RadomilSokolowski@teleworm.us,Radomil,82032398454,671861219,Sokolowski,366
367,EugeniuszPawlowski@dayrep.com,Eugeniusz,98060693753,884740558,Pawlowski,367
368,ElzbietaDabrowski@einrot.com,Elzbieta,89021268761,602811840,Dabrowski ,368
369,KazimieraGrabowska@cuvox.de,Kazimiera,34032827982,784045086,Grabowska,369
370,ZuzannaKalinowska@cuvox.de,Zuzanna,48021923609,795354834,Kalinowska,370
371,FrydrykDudek@gustr.com,Frydryk,72110757378,792540158,Dudek,371
372,MarekGorski@rhyta.com,Marek,96102660899,692979315,Gorski,372
373,RadomilaPawlowska@armyspy.com,Radomila,55041793002,662833795,Pawlowska,373
374,FelicjanKowalski@armyspy.com,Felicjan,85101736218,694925279,Kowalski,374
375,RozaAdamczyk@jourrapide.com,Roza,71072267967,607320934,Adamczyk,375
376,KlaudiaMichalska@armyspy.com,Klaudia,72121945483,665050010,Michalska,376
377,ZojaRutkowska@rhyta.com,Zoja,49032879143,664280982,Rutkowska,377
378,ElaZajac@dayrep.com,Ela,37120913789,609645801,Zajac,378
379,LechoslawPawlowski@superrito.com,Lechoslaw,72110809211,671521111,Pawlowski,379
380,LucjanGrabowski@dayrep.com,Lucjan,70111393458,885403426,Grabowski,380
381,DytaPawlowska@rhyta.com,Dyta,77102137884,677154348,Pawlowska,381
382,EwaMajewska@fleckens.hu,Ewa,56032422127,692265202,Majewska,382
383,WigaNowicka@cuvox.de,Wiga,73112086983,799986752,Nowicka,383
384,SwietopelkAdamski@fleckens.hu,swietopelk,74011126772,789296191,Adamski,384
385,FeliksNowakowski@fleckens.hu,Feliks,58091190034,533249482,Nowakowski,385
386,RoscislawaNowak@rhyta.com,Roscislawa,56072899202,795573088,Nowak ,386
387,LubomirPawlak@cuvox.de,Lubomir,41122374293,514092885,Pawlak,387
388,KonstancjaPawlowska@armyspy.com,Konstancja,40090798405,691671921,Pawlowska,388
389,AlicjaWysocka@teleworm.us,Alicja,98091932740,787828578,Wysocka,389
390,BlankaAdamczyk@fleckens.hu,Blanka,51101077248,791814945,Adamczyk,390
391,MiroslawaPawlowska@einrot.com,Miroslawa,80080536604,787156669,Pawlowska,391
392,GrzegorzJasinski@dayrep.com,Grzegorz,61032054537,666387662,Jasinski,392
393,ZygfrydJablonski@rhyta.com,Zygfryd,68092068355,792283099,Jablonski,393
394,UrszulaZajac@gustr.com,Urszula,66012839801,679453063,Zajac,394
395,WojtekNowicki@armyspy.com,Wojtek,37060780296,886834506,Nowicki,395
396,MiloslawKwiatkowski@rhyta.com,Miloslaw,48092614091,512510788,Kwiatkowski,396
397,WalerianChmielewski@dayrep.com,Walerian,86020893958,516465553,Chmielewski,397
398,LeslawaWysocka@superrito.com,Leslawa,62052594403,536679369,Wysocka,398
399,JulittaKowalska@fleckens.hu,Julitta,74010328946,794348804,Kowalska,399
400,LechoslawaJaworska@einrot.com,Lechoslawa,95011275983,519530488,Jaworska,400
401,HalinaMichalska@rhyta.com,Halina,93062658643,531247824,Michalska,401
402,KacperKowalski@superrito.com,Kacper,47091215739,699715727,Kowalski,402
403,UrszulaChmielewska@gustr.com,Urszula,62102336524,788924735,Chmielewska,403
404,KrzysztofBorkowski@rhyta.com,Krzysztof,48070119497,729310455,Borkowski,404
405,JolantaWojciechowska@gustr.com,Jolanta,55120817643,515530617,Wojciechowska,405
406,MieczyslawaSymanska@gustr.com,Mieczyslawa,58082098101,725912392,Symanska,406
407,GabryjelCzerwinski@dayrep.com,Gabryjel,39110382391,663200318,Czerwinski,407
408,DonatWieczorek@gustr.com,Donat,74123059298,672759008,Wieczorek,408
409,CiborSymanski@teleworm.us,Cibor,58091538513,721943133,Symanski,409
410,StanislawaJaworska@dayrep.com,Stanislawa,39030458349,679074459,Jaworska,410
411,BeataKozlowska@superrito.com,Beata,44051885546,661796294,Kozlowska,411
412,KajaOlszewska@dayrep.com,Kaja,81012183507,517232841,Olszewska,412
413,KunegundaOlszewska@cuvox.de,Kunegunda,51011218908,531706635,Olszewska,413
414,StefaniaGrabowska@gustr.com,Stefania,62060814984,792732296,Grabowska,414
415,BronislawaCzarnecka@superrito.com,Bronislawa,75121879985,693599103,Czarnecka,415
416,KacperPawlak@armyspy.com,Kacper,87080430211,538540781,Pawlak,416
417,KorneliuszJaworski@jourrapide.com,Korneliusz,97061170898,721113237,Jaworski,417
418,ZojaKrol@fleckens.hu,Zoja,86080804507,518918890,Krol,418
419,WiktorCzarnecki@fleckens.hu,Wiktor,54032089731,885060420,Czarnecki,419
420,CecyliaSawicka@dayrep.com,Cecylia,68030118988,539316523,Sawicka,420
421,StanislawaDabrowski@fleckens.hu,Stanislawa,79112527082,784718712,Dabrowski ,421
422,StefciaChmielewska@armyspy.com,Stefcia,74040951400,675319757,Chmielewska,422
423,MarzenaPawlowska@armyspy.com,Marzena,42031940588,691844565,Pawlowska,423
424,ElzbietaPiotrowska@armyspy.com,Elzbieta,70030640642,678248719,Piotrowska,424
425,StanislawaSawicka@superrito.com,Stanislawa,36051806807,511138264,Sawicka,425
426,KasiaWalczak@einrot.com,Kasia,36122353308,673723837,Walczak,426
427,SzczesnyOlszewski@fleckens.hu,Szczesny,96120910431,788117240,Olszewski,427
428,GabrysWojciechowski@jourrapide.com,Gabryŝ,35101517559,673814816,Wojciechowski,428
429,AureliuszGorski@cuvox.de,Aureliusz,92081163437,697046009,Gorski,429
430,BoleslawWysocki@gustr.com,Boleslaw,66042463991,888146810,Wysocki,430
431,KseniaWieczorek@fleckens.hu,Ksenia,44040895587,692060442,Wieczorek,431
432,WieslawKrol@gustr.com,Wieslaw,85030496810,727604176,Krol,432
433,JadwigaDudek@armyspy.com,Jadwiga,73071467546,676582219,Dudek,433
434,WlodzimierzPiotrowski@cuvox.de,Wlodzimierz,64100255894,728013768,Piotrowski,434
435,MarikWysocki@einrot.com,Marik,64080740216,665673098,Wysocki,435
436,AnkaWisniewska@armyspy.com,Anka,39012701306,889052898,Wisniewska,436
437,JudytaWalczak@jourrapide.com,Judyta,37122908826,696186834,Walczak,437
438,SzymonJasinski@fleckens.hu,Szymon,80071231552,605013128,Jasinski,438
439,DobromilWysocki@rhyta.com,Dobromil,89122196657,661418595,Wysocki,439
440,RyszardJaworski@einrot.com,Ryszard,35072344097,533239010,Jaworski,440
441,PrzemkoDudek@gustr.com,Przemko,90010301936,799969821,Dudek,441
442,JerzyPiotrowski@dayrep.com,Jerzy,52021060190,673033064,Piotrowski,442
443,MateuszDudek@fleckens.hu,Mateusz,98121844478,679207453,Dudek,443
444,WitoldOstrowski@dayrep.com,Witold,91021493199,695800438,Ostrowski,444
445,WladyslawaZielinska@cuvox.de,Wladyslawa,85061642121,881549859,Zielinska,445
446,TadzioPawlowski@teleworm.us,Tadzio,57013095578,695117064,Pawlowski,446
447,WitoldWysocki@armyspy.com,Witold,89062365430,884298520,Wysocki,447
448,JanuszDudek@rhyta.com,Janusz,90061808192,674761466,Dudek,448
449,ZojaNowakowska@fleckens.hu,Zoja,88031857602,532392110,Nowakowska,449
450,SewerynaSokolowska@teleworm.us,Seweryna,58012163503,725040088,Sokolowska,450
451,RenardSobczak@armyspy.com,Renard,50071950634,888383017,Sobczak,451
452,BoguslawaPiotrowska@armyspy.com,Boguslawa,40080620804,697101544,Piotrowska,452
453,DorotaSymanski@fleckens.hu,Dorota,66051874599,603196988,Symanski,453
454,TadeuszJaworski@rhyta.com,Tadeusz,77050471212,674118913,Jaworski,454
455,SalomeaKowalczyk@gustr.com,Salomea,83082280885,722560506,Kowalczyk,455
456,AndrzejKozlowski@einrot.com,Andrzej,74020928376,883800246,Kozlowski,456
457,TadzioWieczorek@gustr.com,Tadzio,65051089112,512598920,Wieczorek,457
458,GracjaSokolowska@armyspy.com,Gracja,68112892106,668648467,Sokolowska,458
459,PrzemkoJasinski@jourrapide.com,Przemko,62012522314,789293729,Jasinski,459
460,AsiaPawlowska@teleworm.us,Asia,44100108408,679631785,Pawlowska,460
461,AleksyMajewski@superrito.com,Aleksy,82061669932,722703696,Majewski,461
462,FranciszkaMajewska@einrot.com,Franciszka,64122236646,609509695,Majewska,462
463,MikolajKowalski@cuvox.de,Mikolaj,212599433,667098958,Kowalski,463
464,JadziaSokolowska@armyspy.com,Jadzia,48110999609,666510397,Sokolowska,464
465,KacperKowalczyk@jourrapide.com,Kacper,91071795098,796778730,Kowalczyk,465
466,SlawomiraNowakowska@cuvox.de,Slawomira,56082092606,516044002,Nowakowska,466
467,IgnacyCzerwinski@einrot.com,Ignacy,88090296110,609094178,Czerwinski,467
468,KlaraRutkowska@fleckens.hu,Klara,53082326302,667458948,Rutkowska,468
469,SlawomirJasinski@superrito.com,Slawomir,52051467457,695437159,Jasinski,469
470,KubaSawicki@einrot.com,Kuba,34101935431,781776589,Sawicki,470
471,BartlomiejKalinowski@gustr.com,Bartlomiej,40062233617,723455556,Kalinowski,471
472,DytaWysocka@cuvox.de,Dyta,36080706361,601671763,Wysocka,472
473,JanuszJablonski@fleckens.hu,Janusz,80040352097,783004410,Jablonski,473
474,HannaWozniak@superrito.com,Hanna,46063018262,788853164,Wozniak,474
475,BenedyktaWojciechowska@armyspy.com,Benedykta,39120493560,678907700,Wojciechowska,475
476,AugustynaKowalska@teleworm.us,Augustyna,60101998882,787556068,Kowalska,476
477,ElzbietaAdamczyk@armyspy.com,Elzbieta,57071494641,515240474,Adamczyk,477
478,AsiaDabrowski@superrito.com,Asia,57011076766,797432563,Dabrowski ,478
479,RadomilaSawicka@jourrapide.com,Radomila,73051226301,728000113,Sawicka,479
480,MichalinaZielinska@armyspy.com,Michalina,93120997929,605402165,Zielinska,480
481,KseniaCzerwinska@superrito.com,Ksenia,97082887102,881498120,Czerwinska,481
482,HenrykGorski@dayrep.com,Henryk,80080605816,531980726,Gorski,482
483,KazimierzSawicki@einrot.com,Kazimierz,58110666476,784705827,Sawicki,483
484,WladyslawaWieczorek@dayrep.com,Wladyslawa,94051527827,538444226,Wieczorek,484
485,JolantaWozniak@gustr.com,Jolanta,68042676209,666703207,Wozniak,485
486,LudwikaWojciechowska@jourrapide.com,Ludwika,95060256960,674966681,Wojciechowska,486
487,WincentyKwiatkowski@jourrapide.com,Wincenty,51020645577,661889418,Kwiatkowski,487
488,IwonaSokolowska@einrot.com,Iwona,37113023648,678765980,Sokolowska,488
489,FrydrychSzczepanski@rhyta.com,Frydrych,292784758,725886702,Szczepanski,489
490,ZygmuntKrol@gustr.com,Zygmunt,53091075390,669647878,Krol,490
491,GabryszGrabowski@armyspy.com,Gabrysz,75082632076,518951368,Grabowski,491
492,FrydrychPiotrowski@cuvox.de,Frydrych,81082203774,531368419,Piotrowski,492
493,ZbigniewTomaszewski@superrito.com,Zbigniew,71100549979,888159321,Tomaszewski,493
494,KonstancjaWojciechowska@dayrep.com,Konstancja,43071100482,791968284,Wojciechowska,494
495,GabrielaMaciejewska@armyspy.com,Gabriela,58051329445,671886865,Maciejewska,495
496,KonstancjaNowakowska@rhyta.com,Konstancja,77060727086,516396558,Nowakowska,496
497,DorofiejAdamski@gustr.com,Dorofiej,57090562596,672934238,Adamski,497
498,IwanNowakowski@teleworm.us,Iwan,76031485431,691857211,Nowakowski,498
499,KingaMaciejewska@jourrapide.com,Kinga,281083543,514266714,Maciejewska,499
