0,Sample,Sample,Sample
0,szef,szef,Kierownik
1,przew1,bcahcnei,Przewodnik
2,przew2,ihssvxlp,Przewodnik
3,przew3,uzzcylwm,Przewodnik
4,przew4,dgopmyue,Przewodnik
5,sprzed1,juuprxvq,Sprzedawca
6,sprzed2,cmgiplve,Sprzedawca
7,sprzed3,knczcvrt,Sprzedawca
8,sprzed4,tmhgvqnm,Sprzedawca
9,sprzed5,pqqhbrag,Sprzedawca
10,bp2_kier,daosefqw,Kierownik
11,przew5,ylqrlvbi,Przewodnik
12,przew6,dwsfmxvx,Przewodnik
13,przew7,ndbjcsod,Przewodnik
14,przew8,pajypnrs,Przewodnik
15,sprzed6,tookenyx,Sprzedawca
16,sprzed7,rkbldhet,Sprzedawca
17,sprzed8,blwjmmck,Sprzedawca
18,sprzed9,wrlglhkr,Sprzedawca
19,sprzed10,noxrcyun,Sprzedawca
20,bp3_kier,vgagprpg,Kierownik
21,przew9,xlaumrkl,Przewodnik
22,przew10,migsarfx,Przewodnik
23,przew11,pqodjmym,Przewodnik
24,przew12,gkxukdal,Przewodnik
25,sprzed11,ovmtkyjd,Sprzedawca
26,sprzed12,getzbdtx,Sprzedawca
27,sprzed13,soufzkuy,Sprzedawca
28,sprzed14,zsrjwfll,Sprzedawca
29,sprzed15,irftxkvz,Sprzedawca
30,bp4_kier,supssngw,Kierownik
31,przew11,enarvmpk,Przewodnik
32,przew12,lhzkfpsf,Przewodnik
33,przew13,nchwycub,Przewodnik
34,przew14,ltkmkukn,Przewodnik
35,sprzed16,jjaatpkc,Sprzedawca
36,sprzed17,sgvyxips,Sprzedawca
37,sprzed18,onrzunag,Sprzedawca
38,sprzed19,saeigzwz,Sprzedawca
39,sprzed20,ipebggzo,Sprzedawca
40,xqbyoftb,ntmmdtbn,Klient
41,akodwvsg,ronfqqik,Klient
42,bsjdotkl,mmybctuf,Klient
43,stdpziva,mirarsze,Klient
44,zgrscoam,lbormgbl,Klient
45,igennhfm,avmoplxr,Klient
46,ehsudaro,ohonryns,Klient
47,cfqojkmc,ehrocoas,Klient
48,mdbbcoca,vpfpdaig,Klient
49,nqugirfc,rfeglxpt,Klient
50,pnltprvq,gbwmdjgm,Klient
51,zcpxntxi,upoqemyh,Klient
52,jsuimkax,tyqygzct,Klient
53,zmbrdfyc,ncfjowlg,Klient
54,calfdwue,rvbirddm,Klient
55,hyfaxzem,ymibrutt,Klient
56,vhqiydew,pbzsnoiw,Klient
57,bgkriipf,zbogmbyc,Klient
58,phuwimyc,gwazqjah,Klient
59,ghqacbkt,dzgwjzcm,Klient
60,iluslgds,xrivkbuq,Klient
61,thsfnofc,biqnhifc,Klient
62,qgrybcws,zzyutodd,Klient
63,bnidegnl,vrczljfz,Klient
64,yhbtkizz,edznjfuw,Klient
65,rogvmodt,jmloobco,Klient
66,ghwakzpr,pzvlwrnl,Klient
67,gjtmizzu,aemnheog,Klient
68,mompwnwk,hjnhtpaj,Klient
69,hefaacpd,pojqafpz,Klient
70,bphfbzlk,heodrclh,Klient
71,qqdbjqgw,yvzmsrdq,Klient
72,cvwawmvf,zluxevfx,Klient
73,ukgimgbh,zanzomec,Klient
74,phcftjep,aawadsvz,Klient
75,boubmpha,qoctgabj,Klient
76,hmrqvwit,fiejirxx,Klient
77,fxcskofw,oactryak,Klient
78,puyizhpz,ewoeyruc,Klient
79,pnlnvkin,irfngqro,Klient
80,aprmrtsq,lroklqyo,Klient
81,jlokjgvn,pifwrqcj,Klient
82,zmuykqyk,ymprogrz,Klient
83,njgrkyme,diswlnuj,Klient
84,mjoigjhb,tapifhff,Klient
85,xwtolqgd,lbrdoqje,Klient
86,tpafntrj,thxzwlht,Klient
87,zeucoqzu,qjwzgxqi,Klient
88,hjxqvrdm,jonvjgng,Klient
89,regkkkzm,yvnguivv,Klient
90,lftoixrk,biffaign,Klient
91,ygpdhdmk,jhccuglc,Klient
92,clxqgcda,mnjwhftk,Klient
93,hsfxaaai,luzezhzb,Klient
94,rhhtjrys,helicpts,Klient
95,pwmouoft,aedxlwzx,Klient
96,fmxzgqdr,gkhmjexm,Klient
97,hxnbtgse,occdkfbd,Klient
98,xhcausbd,bappugur,Klient
99,hbvhihjg,hcdudbwz,Klient
100,aenxyige,qjzilmzs,Klient
101,lkloryvl,mwzsowwm,Klient
102,uesbkncy,umrhrhsz,Klient
103,henbrxjl,jnqghhaa,Klient
104,yqoertci,dmmyvmjh,Klient
105,noyvpwkk,drtaaapd,Klient
106,hirhgmbk,dbbjkpfs,Klient
107,yajmzoqo,zxybahmf,Klient
108,ggazoyyo,ramxhezw,Klient
109,izxeeech,gxuigvnv,Klient
110,lgvukseu,dyorpqfo,Klient
111,ummzbnrc,vlkodrhb,Klient
112,nnfmdkyy,ucpvhvcc,Klient
113,zjqyvysu,xbrekdrp,Klient
114,rwwxnllk,rigqecsg,Klient
115,fmglwhuy,enzaytyq,Klient
116,eihopgzb,wdlyswrb,Klient
117,krszbdcu,leiegmsy,Klient
118,pfchbapw,whtwfozf,Klient
119,rjsgtbhe,jyplkpaf,Klient
120,uqyghxpe,wzeahhsp,Klient
121,gxohrvsl,ymyygkhz,Klient
122,wwyfycvw,kgbykert,Klient
123,uyyxsyyy,hgvbwcpr,Klient
124,rynzyweu,mourlckx,Klient
125,llpiwkar,gvttoktb,Klient
126,wllrzumu,ydcqvqha,Klient
127,yxojztih,yjjidrzj,Klient
128,danermwo,boknepxd,Klient
129,bjildkdz,vsflkvxn,Klient
130,tjneelbn,inyylplg,Klient
131,tagtspvb,whgldhvr,Klient
132,rvgfietw,nzdeupqo,Klient
133,gfqamake,minbkvqr,Klient
134,fbvtnbif,upiithqc,Klient
135,iraeiscb,szjbiyzx,Klient
136,jztwhkex,llkbpngs,Klient
137,hchbchqw,xpjjorlg,Klient
138,nxkjhqqf,ydycuola,Klient
139,ehrmplvh,qhmyhysb,Klient
140,orbgxxvd,fumsyuoo,Klient
141,tefnukxd,yycvpleg,Klient
142,qlevqpem,bdedypgl,Klient
143,vzjxxypv,zwionchv,Klient
144,ybpszczb,jfnlklgx,Klient
145,uwusoumf,qmrojdaw,Klient
146,gqeocbqo,rffbyfzm,Klient
147,cdaufydu,quuzwanh,Klient
148,jnzvmdzx,bcxalvmi,Klient
149,mqvafavl,qomzptbw,Klient
150,rabokfkh,wncicmil,Klient
151,icffrsqf,ncxcickp,Klient
152,vfaaaehb,vvhiiklu,Klient
153,nzoevuda,snkzmyhv,Klient
154,qfoejdvk,hukzepbu,Klient
155,dsxcreus,cdpaappk,Klient
156,piljcwgr,hzgrcddr,Klient
157,iqrcwzff,gvlxlkwi,Klient
158,ygthmyhu,wxgncsbb,Klient
159,xkovdwtw,ncyukxrc,Klient
160,vtzfyeoo,uncwotat,Klient
161,gvqlfwlr,uhnwippi,Klient
162,wddxityk,mqqtlujn,Klient
163,lcimpgwe,lutuctvu,Klient
164,lrmeouax,mpmidhlw,Klient
165,hfarrzaj,fzxvuvsf,Klient
166,tevvfqes,qkoiypzv,Klient
167,oyzbvezx,savrcwiv,Klient
168,gzlkswca,ubujxbzq,Klient
169,pbdhspri,scrrtysn,Klient
170,jmzbwnqn,zludkncv,Klient
171,adfqgelo,mfnikrgt,Klient
172,yblmiggb,upgkhayh,Klient
173,vhqbnygu,zstdhftw,Klient
174,tvmpwndr,xryekges,Klient
175,nzpgbkkw,hkyoqghx,Klient
176,feabtwgw,sdszymkj,Klient
177,ukslpppt,tsiyivzp,Klient
178,qhrgtwse,bsgrdsha,Klient
179,gmfttpxx,aluauuhb,Klient
180,kjyfopzi,skdzupie,Klient
181,nmwnbufw,tyzisbyr,Klient
182,kugaymsu,vyafbjjx,Klient
183,bvdkryme,yrjpuebh,Klient
184,dixkjvwy,mfmezeku,Klient
185,ihrwtotq,ovnbfohw,Klient
186,dmnupmro,eizbpgib,Klient
187,ossjddsa,ijogmkdu,Klient
188,rchzqxrg,uqrhxvso,Klient
189,jbxaldzf,jjircbgl,Klient
190,jivknntz,wgsumhmv,Klient
191,adqvoavs,ketdequc,Klient
192,kwnnwddd,auhnhhpi,Klient
193,hmrqshez,kpzimgmp,Klient
194,kyfhbgfb,oerpqaiv,Klient
195,oxfagnyn,xniegxtx,Klient
196,qlzukzlm,prulbzkh,Klient
197,schtrdel,lsodlzzy,Klient
198,dcdcnzwa,oqwktrtl,Klient
199,vwjdxoea,jjwjlfbh,Klient
200,xhmsstjb,qepdjfra,Klient
201,hfzzkahu,qujqofpm,Klient
202,fflfyrha,dubpiwbl,Klient
203,roquvmtr,tpibnbyi,Klient
204,jliseshb,zyzecdbj,Klient
205,yrxupmmb,ixdcsxtl,Klient
206,bpvqqjrk,xzmnvdub,Klient
207,zauzofni,ciirsngz,Klient
208,dwajzkai,trzvjjdg,Klient
209,dtnbdupe,fvthsphz,Klient
210,wcwmtmza,edugumbb,Klient
211,ziuugdyl,eciemsal,Klient
212,pkahdlyx,oifkrssr,Klient
213,uzvlsimk,zdjczlzf,Klient
214,qmnpbiuw,rnqpdnbr,Klient
215,dwdorvbh,qasdjexq,Klient
216,xsvillby,bpshympx,Klient
217,smfgcxpm,qvdcjkvv,Klient
218,zhdssjle,dcizrqxv,Klient
219,fxeouhsk,geguzwqh,Klient
220,dtqcxrxc,wqixwvks,Klient
221,jsrismqz,dodqnlax,Klient
222,pmsjeoft,hewtsprh,Klient
223,vzekyjhw,jnqxchlb,Klient
224,kunxuocb,ydltraco,Klient
225,tjeivuqa,ruklaxed,Klient
226,agyvbmci,hzlvmyhh,Klient
227,xliwpgsu,appphfhl,Klient
228,vohfkmfi,bwrerfuy,Klient
229,ndohlfwt,rppznwjm,Klient
230,sozubkek,wrbzhufl,Klient
231,hlzwwdum,pvcigzaz,Klient
232,jrlosryv,evlxfbwr,Klient
233,kqadcgio,lczcevcy,Klient
234,lqfzncsb,nmgndxap,Klient
235,yjuwfyss,wmkyxbtq,Klient
236,uoxbxqar,eomqvpwr,Klient
237,ihtazgzd,proevntr,Klient
238,fhvphsft,tmbexhao,Klient
239,vcpcfwyf,kqxrzzga,Klient
240,yqztwmgk,stuheyql,Klient
241,yroqoxwz,fhihrzyh,Klient
242,ihbmiwqz,uoanldkg,Klient
243,qmtemowj,tbzkropy,Klient
244,ouvkghuk,utyqywhg,Klient
245,zzmksdjy,xocycraw,Klient
246,xosbbfzk,hcnilqvl,Klient
247,iddqjdgi,kusxyofb,Klient
248,dfxscion,dxxuqeix,Klient
249,altiaiey,wwkqvhic,Klient
250,rvqmkpth,pwmsrcdu,Klient
251,lntrefno,riwyowyd,Klient
252,vbqrctfq,prhbohpo,Klient
253,nfkhgawq,sxzfglrp,Klient
254,jxjcsrqi,zsmwuhkl,Klient
255,szwlwifp,jhsqrizu,Klient
256,oepambbf,kxsfwsku,Klient
257,gmaapnpk,wblhobju,Klient
258,bxvpovce,tmsnaiac,Klient
259,ijehgmjz,qchcfwka,Klient
260,qkrrtemf,saggtvqz,Klient
261,qocgfnua,apqgbufc,Klient
262,ofewcfqg,cvoexxss,Klient
263,jydmtpth,ksvvrmnj,Klient
264,isdcjlqf,cxjhxbkz,Klient
265,vbqyavbw,kbiuninh,Klient
266,qypbubpd,nnmrvjbv,Klient
267,dexwglas,rrvujdjv,Klient
268,nrwvaflo,yhtguwaq,Klient
269,yfeaikxh,dnxydgik,Klient
270,lyigslmd,fktofqla,Klient
271,zswnktox,rpssogng,Klient
272,mhgxhyky,tdzhqxim,Klient
273,wrxjzxbv,wzjxxedi,Klient
274,wpnqwdhu,vvulyliu,Klient
275,pezbndzd,mjxgroqg,Klient
276,ymblgarx,jywcjchz,Klient
277,myvvpapi,gjrrzkqz,Klient
278,xablvhkj,ldqrzuaw,Klient
279,ubkdglon,muhjulyt,Klient
280,diadqtyx,xnqrepam,Klient
281,ekxfkroc,rchdbceq,Klient
282,cggiwuiy,xzjzjuvc,Klient
283,puyouvqs,lbtaxvhu,Klient
284,umstxash,plwbdxip,Klient
285,wgxtaoxr,tfuadnzh,Klient
286,jkrhdqwv,vefhzznf,Klient
287,wfdigppo,mitrwuhn,Klient
288,mtbnkedt,tlyocrmc,Klient
289,knupxhsl,tdbtqcaa,Klient
290,zofshixk,tsartniy,Klient
291,cqsujmjv,nkfndgan,Klient
292,yaisgfwb,qglgurjk,Klient
293,fkclsyme,ascxjkkx,Klient
294,onafuhca,kqrdjyef,Klient
295,ocezsdnz,xtitgqiq,Klient
296,kfguzfzg,nznhmknt,Klient
297,bmqwkdyu,iznwejqi,Klient
298,igkmrlcm,dupimudd,Klient
299,qijcpkaj,epsyxwee,Klient
300,txhprynd,goooiubm,Klient
301,exavzixt,pyhhgzbv,Klient
302,qtibrzpq,enxvspie,Klient
303,aqaxrhbj,huqtnvsi,Klient
304,xvnpzbbv,bjrlwmfi,Klient
305,kouchqlc,sbbqsjgp,Klient
306,nvkdqygd,jsmxkiaj,Klient
307,fntwmltc,okyoehwc,Klient
308,ajofbnjj,qbigyrrz,Klient
309,hosmukfr,sbyzsiwo,Klient
310,hvotvhhe,tkvfomkq,Klient
311,ikkcswsb,jwfjmrri,Klient
312,tgyskamt,tjenchch,Klient
313,mlfbtwji,onxkvkis,Klient
314,dbtgelci,barywoie,Klient
315,ifwieequ,tqdjdbqb,Klient
316,dbuwsjbj,waljftou,Klient
317,mznjseuw,jgqbryhi,Klient
318,tbzhrslb,veokhbjr,Klient
319,kdnbuxqj,aitwhkut,Klient
320,meervwxm,smkfleys,Klient
321,uegowdey,dtzcyvhb,Klient
322,raavioud,mwjvehuh,Klient
323,zkbqgudl,zuaileof,Klient
324,chjhjqlq,elyrjlmm,Klient
325,nowgeuco,vhtnkcxf,Klient
326,rkkgqvhs,fbdwpccm,Klient
327,fzbhsgmu,papwvisz,Klient
328,mfzqtaxo,dbhmzffh,Klient
329,ioaxtyuh,iwrukvim,Klient
330,tltsgpvr,rhhfbzhw,Klient
331,pmgizqht,oojzzudx,Klient
332,xaihaopn,itvyhsyy,Klient
333,kebijcaf,gyjbkvei,Klient
334,nbyghsai,slhilaol,Klient
335,rqtbeyqs,ueogozci,Klient
336,ydfjiaem,wfutzzqp,Klient
337,mppkyazb,zswuvppa,Klient
338,jvtjeemv,exhdhlzh,Klient
339,chkolddz,eppayqze,Klient
340,ilyhlclh,hwjmmjnn,Klient
341,wvandkpp,pyavuqyp,Klient
342,mdasvgrq,esejeete,Klient
343,iwkorjvm,cxressxg,Klient
344,iswkwwsa,snbabhyk,Klient
345,crscnkwh,nxnccjcu,Klient
346,coolgioo,evtxrcuv,Klient
347,aysjqgsr,jaxbdqgr,Klient
348,poxfexvd,uihyyzej,Klient
349,xjciflzj,bzbljknv,Klient
350,ailiqokm,fimpgdvz,Klient
351,uqhhrdwj,dygqdxbs,Klient
352,ohxttvti,jnfzujpp,Klient
353,aedtmayn,cyfzbifi,Klient
354,smrsdbgl,zqvlrmvi,Klient
355,qaabbpjx,suytuwke,Klient
356,mnrnpwhs,rnuohzbj,Klient
357,cvgxtvhn,dkkrsgje,Klient
358,vccozqfx,cvjlzpyt,Klient
359,rlrewjfl,jlmihehb,Klient
360,ynaghnaj,krqsrnuw,Klient
361,fjkxqogx,avmmdogl,Klient
362,kdgvxkmq,ghlakgas,Klient
363,ujrrkqke,unvueqpf,Klient
364,duaxlhxy,ulwppxbl,Klient
365,xkdxpgxg,bdrxjkrt,Klient
366,fvodwujn,vqrhypmg,Klient
367,eybsldtt,mzgktowl,Klient
368,hkwanocd,nqoszhka,Klient
369,mtvghluy,alzuzyux,Klient
370,ejuwhbww,psbpzynd,Klient
371,zqlkierg,aprqremp,Klient
372,smtbwnni,pylnzzze,Klient
373,mwfvydzb,lppjtdvq,Klient
374,ezrtobgw,hiykbuau,Klient
375,blbgzabo,utbrpxyy,Klient
376,blwzrorg,pfjaodsc,Klient
377,scydzigi,auplwizc,Klient
378,tjrmsdtm,yegkspou,Klient
379,zwfoejzo,cxjrvthk,Klient
380,kumhgypy,blbcvbmk,Klient
381,sojblltv,fpzgmffx,Klient
382,dbtwiugv,dgndqrmz,Klient
383,tcyicxpc,ewlbjpxa,Klient
384,jalfhnqw,xvzvniro,Klient
385,xakjziqx,qrjpjfhn,Klient
386,cqcybmmj,najtnqsa,Klient
387,jxywrcxd,majswolj,Klient
388,eamquxvw,termufsy,Klient
389,bqcghcqk,qfuuntxy,Klient
390,iairfvnc,lmalsvpa,Klient
391,chiqymgy,xmnfsocd,Klient
392,hkhoffug,jfmdgjhi,Klient
393,ttuouuhk,hofgqjie,Klient
394,zactoexb,wrcyvkal,Klient
395,yrqyqpnv,qeaqtisu,Klient
396,pjcurvpp,ttespcej,Klient
397,lkodoerw,eslovyzp,Klient
398,fhehbbds,efhrqspi,Klient
399,ihyssust,nrrurwuc,Klient
400,zcrdaqkq,umcfdpnd,Klient
401,xgladqad,azdfgsbb,Klient
402,hcycnknx,bvmevaei,Klient
403,bjmoyevl,ccajuefy,Klient
404,ethrczza,hiiowlzr,Klient
405,vurdbofj,tfugpsmk,Klient
406,vqinmrnm,qofllirv,Klient
407,xrrnphqm,focfbogy,Klient
408,anvtljhk,gsogkpzn,Klient
409,bniebdtd,eyzojvrt,Klient
410,putirevi,sjzorflz,Klient
411,rysvbkbw,fwevosvx,Klient
412,aszpqktl,eavigsmu,Klient
413,ahldyqbi,alljbzbb,Klient
414,wkumtsvr,zxozpizd,Klient
415,ejymigbp,gjidtefs,Klient
416,pcbrgyje,cuxtfatp,Klient
417,jligmvxl,jejxfnep,Klient
418,ivliiiug,aefdzzvc,Klient
419,sqelsgqq,ymiicxqt,Klient
420,rhdlqaoc,wprfufvj,Klient
421,ildavaea,myjbimuo,Klient
422,iolowgut,zfvaymgz,Klient
423,klflsbnf,udiofsvq,Klient
424,gzjaygor,oyxrfodz,Klient
425,pteymakz,vuejywln,Klient
426,qmuguldz,nwhmwwaj,Klient
427,togjvkaz,omzbardv,Klient
428,dbejqdut,smamtjts,Klient
429,hxqxhijb,ihnfxhec,Klient
430,zyquegor,ecphkdlb,Klient
431,kbwqtspg,vfbsnkqh,Klient
432,beavnkpn,cbljhbbo,Klient
433,cqzwswgu,zlhfjayo,Klient
434,fczzjngt,ourhandb,Klient
435,oygeztpr,nqebrmpo,Klient
436,wqoozigm,tehxeuma,Klient
437,dpfmexki,chwmcdky,Klient
438,effmvbyo,tyjupqsr,Klient
439,ofmrrlhg,mtlhnrsv,Klient
440,lskkjlhz,cafnavuf,Klient
441,hkqylcgn,vrhmfnaq,Klient
442,btcqzlwy,gsdcvbsd,Klient
443,edoojmre,azvruukh,Klient
444,sybtkmtm,wmfqtljt,Klient
445,nlhasjim,krksuszf,Klient
446,gqqoomyz,rgwrbaxl,Klient
447,swzqejuf,hyawquwp,Klient
448,gaoduzic,fimlhwzz,Klient
449,zobwpmla,xuaaschx,Klient
450,kzzhqzet,tjkfsphg,Klient
451,tyhttigv,orhfqeim,Klient
452,pldwtzfj,bnfikxye,Klient
453,hlroqckj,wyhcsdom,Klient
454,miirnuli,ayjeqdjq,Klient
455,vckgjitf,kxvmshbz,Klient
456,iwnzbbvk,sfukgnvb,Klient
457,lsdgqedl,ofagmidq,Klient
458,mksbpejk,lggdrudl,Klient
459,ooxcdlfe,rerwrefz,Klient
460,smtecdsk,akwzqwce,Klient
461,mvmmrrtv,gibpucfi,Klient
462,ynvyhwwj,oiionbjb,Klient
463,esruzbhx,pushbyqu,Klient
464,zlcilujw,pqbzptxt,Klient
465,swkfyfjo,xlpotvig,Klient
466,ieatfbbk,wcbhvhhz,Klient
467,nosuuwrc,ajoxmrig,Klient
468,zpwlpkcg,espsmhvw,Klient
469,oxsrzftl,cnfccvpj,Klient
470,gudpydxc,eocztrvu,Klient
471,gowsrovd,ujtmdjxc,Klient
472,lkvwkwyr,fvczhumd,Klient
473,xljrmtci,kjgeyyov,Klient
474,nkwbkogg,qjyqizif,Klient
475,gqxdhrva,cllftjod,Klient
476,ijqdknyc,tanfhlzy,Klient
477,aadvhxdq,jjikrrbp,Klient
478,stqhbrgc,ffoipqjf,Klient
479,prilehvo,fcpwsjvj,Klient
480,xpggfoes,qtkgyuvi,Klient
481,kssffrzx,gzagfdkl,Klient
482,ietmhkyd,lpnrszpc,Klient
483,hpmjdfea,edwrford,Klient
484,bptrnyvq,fdidwjjk,Klient
485,xwvzmlkd,jvyzpume,Klient
486,djoudmkm,klidaenz,Klient
487,qphnhqaw,jvlbspdc,Klient
488,sbqtokmy,ldznpwee,Klient
489,lespucdb,vgzuogkf,Klient
490,hndyrexi,gutslxqx,Klient
491,ngqvnqaa,azsxawbq,Klient
492,kjhanpct,ajztaphg,Klient
493,jcqqnkoq,igunetba,Klient
494,sgdqkblj,blfdyvwv,Klient
495,krlirkka,lxurqklx,Klient
496,vuoruchg,miwtfazs,Klient
497,wkhyvyuz,dsmrhgaz,Klient
498,gaxixnvf,ttwvobhn,Klient
499,pvnnnadi,oorrmrgd,Klient
